Date and Time,Node Count,Space Pledged (byte),Subspace-CLI nodes,Space Acres nodes,Linux nodes,Windows nodes,macOS nodes,Space Pledged (PiB),Space Pledged (PB)
2024-10-28T17:11:33.458Z,258,2884089913802752,258,,165,88,5,2.561586422,
2024-10-28T19:00:25.285Z,256,2796917469741056,256,,166,86,4,2.484161738,
2024-10-29T00:00:49.228Z,262,2960797479206912,262,,168,90,4,2.629716426,
2024-10-30T00:01:17.771Z,322,4178364715761664,322,,218,101,3,3.71113337,
2024-10-31T00:01:17.605Z,361,4.95283E+15,361,,244,114,3,4.398993198,
2024-11-01T00:00:29.667Z,410,6797070660796416,410,,278,130,2,6.037011478,
2024-11-03T00:01:20.612Z,409,12116253997006848,409,,280,127,2,10.76139533,
2024-11-04T00:01:10.643Z,434,15865948260007936,434,,295,137,2,14.09179285,
2024-11-05T00:00:43.763Z,448,14888245353512960,448,,313,133,2,13.22341823,
2024-11-06T00:01:13.566Z,444,15920770783903744,444,,294,148,2,14.14048504,
2024-11-06T16:00:30.501Z,394,19972903368916992,394,,266,126,2,17.73950175,
2024-11-06T17:00:38.333Z,345,19972903368916992,345,,229,115,1,17.73950175,
2024-11-06T18:00:54.432Z,329,19972903368916992,329,,213,115,1,17.73950175,
2024-11-06T19:00:32.957Z,315,17122058073800704,315,,206,108,1,15.20744248,
2024-11-06T20:00:32.956Z,303,17122058073800704,303,,202,100,1,15.20744248,
2024-11-06T21:00:35.909Z,295,17122058073800704,295,,196,98,1,15.20744248,
2024-11-07T02:37:16.676Z,218,16850051023241216,219,,153,65,1,14.96585169,
2024-11-07T14:00:20.960Z,166,15377864594554880,166,,132,33,1,13.65828747,
2024-11-07T23:29:33.912Z,166,8.28218E+15,166,,134,31,1,7.356054536,
2024-11-08T04:00:45.019Z,159,8439870498275328,159,,129,30,,7.496110842,
2024-11-08T05:00:42.446Z,158,8439870498275328,158,,128,30,,7.496110842,
2024-11-08T06:00:32.113Z,156,8439870498275328,156,,125,31,,7.496110842,
2024-11-08T07:00:33.704Z,155,8.74721E+15,155,,125,30,,7.769082068,
2024-11-08T08:00:52.589Z,154,8.74721E+15,154,,123,31,,7.769082068,
2024-11-08T09:00:36.651Z,152,8.74721E+15,152,,123,29,,7.769082068,
2024-11-08T10:00:40.082Z,153,8.74721E+15,153,,123,30,,7.769082068,
2024-11-08T11:00:34.886Z,150,8.74721E+15,150,,122,28,,7.769082068,
2024-11-08T12:00:26.571Z,151,8618248547336192,151,,122,29,,7.654542375,
2024-11-08T13:00:50.175Z,147,8618248547336192,147,,119,28,,7.654542375,
2024-11-08T14:00:31.894Z,147,8618248547336192,147,,119,28,,7.654542375,
2024-11-08T15:00:29.478Z,147,8618248547336192,147,,118,29,,7.654542375,
2024-11-08T16:00:54.918Z,150,8618248547336192,148,,118,30,,7.654542375,
2024-11-08T17:00:46.930Z,146,8618248547336192,145,,116,29,,7.654542375,
2024-11-08T18:00:47.674Z,143,7068985858195456,143,,113,30,,6.278520688,
2024-11-08T19:00:27.501Z,138,7068985858195456,138,,111,27,,6.278520688,
2024-11-08T20:00:45.488Z,143,7068985858195456,143,,113,30,,6.278520688,
2024-11-08T21:00:54.567Z,143,7068985858195456,143,,114,29,,6.278520688,
2024-11-08T22:00:32.061Z,145,7068985858195456,145,,114,31,,6.278520688,
2024-11-08T23:00:28.286Z,146,7271575215669248,146,,115,31,,6.458456184,
2024-11-09T00:01:22.362Z,143,7271575215669248,143,,112,31,,6.458456184,
2024-11-09T01:00:28.550Z,144,7271575215669248,144,,114,30,,6.458456184,
2024-11-09T02:00:41.959Z,144,7271575215669248,144,,113,31,,6.458456184,
2024-11-09T03:00:32.263Z,146,7271575215669248,146,,114,32,,6.458456184,
2024-11-09T04:00:32.203Z,146,7093876433092608,146,,114,32,,6.30062796,
2024-11-09T05:00:44.039Z,145,7093876433092608,145,,113,32,,6.30062796,
2024-11-09T06:00:26.899Z,141,7093876433092608,141,,110,31,,6.30062796,
2024-11-09T07:00:50.973Z,143,7093876433092608,143,,112,31,,6.30062796,
2024-11-09T08:00:33.855Z,143,7605027866673152,143,,112,31,,6.754621632,
2024-11-09T09:00:46.768Z,142,7605027866673152,142,,112,30,,6.754621632,
2024-11-09T10:00:44.496Z,140,7605027866673152,140,,111,29,,6.754621632,
2024-11-09T11:00:45.809Z,139,7605027866673152,139,,111,28,,6.754621632,
2024-11-09T12:00:28.809Z,138,7748518964887552,138,,110,28,,6.882067329,
2024-11-09T13:00:33.553Z,135,7748518964887552,135,,107,28,,6.882067329,
2024-11-09T14:00:27.296Z,132,7748518964887552,132,,104,28,,6.882067329,
2024-11-09T15:00:28.458Z,138,7748518964887552,138,,109,29,,6.882067329,
2024-11-09T16:00:49.253Z,136,7748518964887552,136,,109,27,,6.882067329,
2024-11-09T17:00:41.315Z,137,7950299895431168,137,,108,29,,7.061284797,
2024-11-09T18:00:28.613Z,138,7950299895431168,138,,109,29,,7.061284797,
2024-11-09T19:00:28.308Z,136,7950299895431168,136,,107,29,,7.061284797,
2024-11-09T20:00:50.852Z,140,7950299895431168,140,,110,30,,7.061284797,
2024-11-09T21:00:40.048Z,138,7950299895431168,138,,108,30,,7.061284797,
2024-11-09T22:00:35.240Z,139,8062951921549312,139,,109,30,,7.161339896,
2024-11-09T23:00:29.898Z,138,8062951921549312,138,,109,29,,7.161339896,
2024-11-10T00:00:54.335Z,138,8062951921549312,138,,109,29,,7.161339896,
2024-11-10T01:00:32.878Z,139,8062951921549312,139,,109,30,,7.161339896,
2024-11-10T02:00:40.183Z,138,8062951921549312,138,,108,30,,7.161339896,
2024-11-10T03:00:25.503Z,136,8311698189451264,136,,108,28,,7.382270963,
2024-11-10T04:00:36.309Z,136,8311698189451264,136,,108,28,,7.382270963,
2024-11-10T05:00:48.131Z,137,8311698189451264,137,,109,28,,7.382270963,
2024-11-10T06:00:28.791Z,137,8311698189451264,137,,109,28,,7.382270963,
2024-11-10T07:00:38.906Z,137,8311698189451264,137,,108,28,1,7.382270963,
2024-11-10T08:00:49.592Z,136,8311698189451264,136,,107,28,1,7.382270963,
2024-11-10T09:00:49.659Z,137,6633126695534592,137,,108,28,1,5.891399986,
2024-11-10T10:00:49.110Z,136,6633126695534592,136,,107,28,1,5.891399986,
2024-11-10T11:00:40.501Z,137,6633126695534592,137,,108,28,1,5.891399986,
2024-11-10T12:00:43.611Z,136,6633126695534592,136,,107,28,1,5.891399986,
2024-11-10T13:00:30.256Z,135,6633126695534592,135,,107,27,1,5.891399986,
2024-11-10T14:00:48.760Z,135,6633126695534592,135,,106,28,1,5.891399986,
2024-11-10T15:00:37.237Z,138,6365780750893056,138,,106,31,1,5.653949087,
2024-11-10T16:00:24.943Z,140,6365780750893056,140,,108,31,1,5.653949087,
2024-11-10T17:00:38.826Z,138,6365780750893056,138,,107,30,1,5.653949087,
2024-11-10T18:00:48.417Z,137,6365780750893056,137,,106,30,1,5.653949087,
2024-11-10T19:00:26.772Z,139,6365780750893056,139,,108,30,1,5.653949087,
2024-11-10T20:00:34.773Z,138,6.39008E+15,138,,108,29,1,5.675532632,
2024-11-10T21:00:49.392Z,137,6.39008E+15,137,,108,28,1,5.675532632,
2024-11-10T22:00:43.135Z,137,6.39008E+15,137,,108,28,1,5.675532632,
2024-11-10T23:00:39.349Z,136,6.39008E+15,136,,107,28,1,5.675532632,
2024-11-11T00:00:55.463Z,136,6.39008E+15,136,,108,27,1,5.675532632,
2024-11-11T01:00:26.301Z,136,6384803222913024,136,,108,27,1,5.670844437,
2024-11-11T02:00:44.117Z,134,6384803222913024,134,,107,26,1,5.670844437,
2024-11-11T03:00:32.700Z,132,6384803222913024,132,,105,26,1,5.670844437,
2024-11-11T04:00:40.738Z,132,6384803222913024,132,,105,26,1,5.670844437,
2024-11-11T05:00:41.237Z,132,6384803222913024,132,,104,27,1,5.670844437,
2024-11-11T06:00:46.517Z,131,6820681784229888,131,,104,26,1,6.057982368,
2024-11-11T07:00:37.973Z,131,6820681784229888,132,,105,26,1,6.057982368,
2024-11-11T08:00:26.014Z,130,6820681784229888,130,,102,27,1,6.057982368,
2024-11-11T09:00:32.450Z,126,6820681784229888,126,,100,25,1,6.057982368,
2024-11-11T10:00:27.052Z,127,8.19457E+15,127,,102,24,1,7.27824342,
2024-11-11T11:00:41.765Z,128,8.19457E+15,128,,102,25,1,7.27824342,
2024-11-11T12:00:33.365Z,127,8.19457E+15,127,,101,25,1,7.27824342,
2024-11-11T13:00:37.751Z,123,8.19457E+15,124,,99,24,1,7.27824342,
2024-11-11T14:00:36.069Z,126,8.19457E+15,126,,99,26,1,7.27824342,
2024-11-11T15:00:41.984Z,123,8465416535932928,123,,98,24,1,7.518800281,
2024-11-11T16:00:37.755Z,126,8465416535932928,126,,100,25,1,7.518800281,
2024-11-11T17:00:37.854Z,124,8465416535932928,124,,99,24,1,7.518800281,
2024-11-11T18:00:38.963Z,126,8465416535932928,126,,100,25,1,7.518800281,
2024-11-11T19:00:48.428Z,124,8465416535932928,124,,99,24,1,7.518800281,
2024-11-11T20:00:29.824Z,124,8.17677E+15,124,,100,23,1,7.262429786,
2024-11-11T21:00:31.456Z,125,8.17677E+15,125,,100,24,1,7.262429786,
2024-11-11T22:00:50.679Z,125,8.17677E+15,125,,100,24,1,7.262429786,
2024-11-11T23:00:25.250Z,124,8.17677E+15,124,,99,24,1,7.262429786,
2024-11-12T00:01:02.243Z,124,8.17677E+15,124,,100,23,1,7.262429786,
2024-11-12T01:00:38.255Z,123,8.17677E+15,123,,99,23,1,7.262429786,
2024-11-12T02:00:27.545Z,122,8057531419066368,122,,97,24,1,7.156525522,
2024-11-12T03:00:46.764Z,119,8057531419066368,119,,97,21,1,7.156525522,
2024-11-12T04:00:28.336Z,121,8057531419066368,121,,98,22,1,7.156525522,
2024-11-12T05:00:28.133Z,121,8057531419066368,121,,99,22,,7.156525522,
2024-11-12T06:00:43.051Z,119,8057531419066368,119,,97,22,,7.156525522,
2024-11-12T07:00:44.089Z,119,7954937972523008,119,,97,22,,7.065404237,
2024-11-12T08:00:26.961Z,119,7954937972523008,119,,96,23,,7.065404237,
2024-11-12T09:00:40.695Z,120,7954937972523008,120,,97,23,,7.065404237,
2024-11-12T10:00:48.771Z,120,7954937972523008,120,,96,24,,7.065404237,
2024-11-12T11:00:28.276Z,121,7954937972523008,121,,96,25,,7.065404237,
2024-11-12T12:00:37.844Z,118,7954937972523008,118,,93,25,,7.065404237,
2024-11-12T13:00:25.592Z,117,7954937972523008,117,,92,25,,7.065404237,
2024-11-12T14:00:47.786Z,120,7954937972523008,120,,95,25,,7.065404237,
2024-11-12T15:00:39.275Z,121,7954937972523008,121,,95,26,,7.065404237,
2024-11-12T16:00:46.555Z,119,7954937972523008,119,,93,26,,7.065404237,
2024-11-12T17:00:31.793Z,121,7954937972523008,121,,95,26,,7.065404237,
2024-11-12T18:00:31.963Z,121,7954937972523008,121,,96,25,,7.065404237,
2024-11-12T19:00:37.131Z,122,3322156115034112,122,,96,25,1,2.950667368,
2024-11-12T20:00:33.363Z,122,3322156115034112,122,,96,25,1,2.950667368,
2024-11-12T21:00:30.847Z,121,3322156115034112,121,,95,25,1,2.950667368,
2024-11-12T22:00:45.692Z,122,3322156115034112,122,,96,25,1,2.950667368,
2024-11-12T23:00:40.136Z,121,3322156115034112,121,,95,25,1,2.950667368,
2024-11-13T00:00:52.939Z,119,3322156115034112,119,,94,24,1,2.950667368,
2024-11-13T01:00:55.463Z,122,3322156115034112,122,,96,25,1,2.950667368,
2024-11-13T02:00:37.947Z,120,2613645552910336,120,,95,24,1,2.321383577,
2024-11-13T03:00:47.865Z,118,2613645552910336,118,,95,23,,2.321383577,
2024-11-13T04:00:34.060Z,117,2613645552910336,117,,95,22,,2.321383577,
2024-11-13T05:00:44.258Z,116,2613645552910336,116,,95,21,,2.321383577,
2024-11-13T06:00:46.369Z,113,2613645552910336,113,,95,18,,2.321383577,
2024-11-13T07:00:41.458Z,109,2.45722E+15,109,,91,18,,2.182454201,
2024-11-13T08:00:32.120Z,108,2.45722E+15,108,,92,16,,2.182454201,
2024-11-13T09:00:26.403Z,110,2.45722E+15,110,,92,18,,2.182454201,
2024-11-13T10:00:32.401Z,108,2.45722E+15,108,,91,17,,2.182454201,
2024-11-13T11:00:35.170Z,110,2.45722E+15,110,,91,19,,2.182454201,
2024-11-13T12:00:31.438Z,110,2.45722E+15,110,,90,20,,2.182454201,
2024-11-13T13:00:43.345Z,109,2.45722E+15,109,,90,19,,2.182454201,
2024-11-13T14:00:42.182Z,110,1.82549E+15,110,,91,19,,1.621358925,
2024-11-13T15:00:38.285Z,111,1.82549E+15,111,,89,22,,1.621358925,
2024-11-13T16:00:48.267Z,111,1.82549E+15,111,,90,21,,1.621358925,
2024-11-13T17:00:31.298Z,112,1.82549E+15,112,,91,21,,1.621358925,
2024-11-13T18:00:41.926Z,108,1.82549E+15,108,,88,20,,1.621358925,
2024-11-13T19:00:49.697Z,107,1.82549E+15,107,,88,19,,1.621358925,
2024-11-13T20:00:50.597Z,105,1753303254827008,105,,86,19,,1.557246114,
2024-11-13T21:00:51.722Z,107,1753303254827008,107,,88,19,,1.557246114,
2024-11-13T22:00:50.613Z,106,1753303254827008,106,,87,19,,1.557246114,
2024-11-13T23:00:47.007Z,107,1753303254827008,107,,88,19,,1.557246114,
2024-11-14T00:00:46.163Z,106,1753303254827008,106,,87,19,,1.557246114,
2024-11-14T01:00:48.536Z,106,1730131846496256,106,,86,20,,1.536665769,
2024-11-14T02:00:38.467Z,106,1730131846496256,106,,87,19,,1.536665769,
2024-11-14T03:00:39.241Z,106,1730131846496256,106,,87,19,,1.536665769,
2024-11-14T04:00:28.898Z,105,1730131846496256,105,,86,19,,1.536665769,
2024-11-14T05:00:43.980Z,103,1730131846496256,103,,85,18,,1.536665769,
2024-11-14T06:00:49.444Z,103,1730561052770304,103,,85,18,,1.537046981,
2024-11-14T07:00:35.820Z,107,1730561052770304,107,,87,20,,1.537046981,
2024-11-14T08:00:35.150Z,105,1730561052770304,105,,85,20,,1.537046981,
2024-11-14T09:00:43.351Z,105,1730561052770304,105,,85,20,,1.537046981,
2024-11-14T10:00:51.836Z,105,1730561052770304,105,,85,20,,1.537046981,
2024-11-14T11:00:46.675Z,104,1654510472658944,104,,84,20,,1.469500497,
2024-11-14T12:00:25.357Z,105,1654510472658944,105,,84,21,,1.469500497,
2024-11-14T13:00:42.518Z,108,1654510472658944,108,,85,23,,1.469500497,
2024-11-14T14:00:27.972Z,107,1654510472658944,107,,84,23,,1.469500497,
2024-11-14T15:00:35.481Z,106,1654510472658944,105,,82,23,,1.469500497,
2024-11-14T16:00:49.971Z,105,1654510472658944,105,,83,22,,1.469500497,
2024-11-14T17:00:47.213Z,103,1437299532365824,103,,82,21,,1.276578427,
2024-11-14T18:00:27.873Z,105,1437299532365824,106,,85,21,,1.276578427,
2024-11-14T19:00:30.699Z,105,1437299532365824,105,,84,21,,1.276578427,
2024-11-14T20:00:37.408Z,106,1437299532365824,106,,85,21,,1.276578427,
2024-11-14T21:00:39.591Z,105,1437299532365824,105,,84,21,,1.276578427,
2024-11-14T22:00:27.526Z,106,1437299532365824,106,,84,22,,1.276578427,
2024-11-14T23:00:48.298Z,104,1317188813193216,104,,84,20,,1.169898679,
2024-11-15T00:01:10.336Z,100,1317188813193216,100,,80,20,,1.169898679,
2024-11-15T01:00:43.431Z,104,1317188813193216,104,,83,21,,1.169898679,
2024-11-15T02:00:42.360Z,104,1317188813193216,104,,83,21,,1.169898679,
2024-11-15T03:00:28.776Z,102,1317188813193216,102,,81,21,,1.169898679,
2024-11-15T04:00:51.787Z,104,1.29083E+15,104,,83,21,,1.146487435,
2024-11-15T05:00:39.840Z,104,1.29083E+15,104,,83,21,,1.146487435,
2024-11-15T06:00:51.443Z,106,1.29083E+15,106,,84,22,,1.146487435,
2024-11-15T07:00:49.365Z,106,1.29083E+15,106,,83,23,,1.146487435,
2024-11-15T08:00:43.728Z,106,1.29083E+15,106,,83,23,,1.146487435,
2024-11-15T09:00:27.559Z,105,1.32008E+15,105,,82,23,,1.172464662,
2024-11-15T10:00:48.852Z,106,1.32008E+15,106,,83,23,,1.172464662,
2024-11-15T11:00:32.843Z,104,1.32008E+15,104,,82,22,,1.172464662,
2024-11-15T12:00:28.398Z,105,1.32008E+15,105,,83,22,,1.172464662,
2024-11-15T13:00:28.025Z,105,1.32008E+15,105,,81,24,,1.172464662,
2024-11-15T14:00:48.327Z,105,1.40215E+15,105,,82,23,,1.245357618,
2024-11-15T15:38:39.653Z,105,1.40215E+15,105,,82,23,,1.245357618,
2024-11-15T16:00:35.578Z,106,1.40215E+15,106,,82,24,,1.245357618,
2024-11-15T17:00:26.660Z,102,1.40215E+15,102,,79,23,,1.245357618,
2024-11-15T18:00:12.638Z,104,1.40215E+15,104,,82,22,,1.245357618,
2024-11-15T19:00:13.639Z,105,1369539932585984,105,,82,23,,1.216395813,
2024-11-15T20:00:10.304Z,106,1369539932585984,106,,83,23,,1.216395813,
2024-11-15T21:00:22.755Z,106,1369539932585984,105,,82,23,,1.216395813,
2024-11-15T22:00:14.430Z,107,1369539932585984,107,,84,23,,1.216395813,
2024-11-15T23:00:16.180Z,105,1369539932585984,105,,82,23,,1.216395813,
2024-11-16T00:00:27.080Z,104,1369539932585984,106,,81,25,,1.216395813,
2024-11-16T01:00:25.423Z,107,1.35409E+15,107,,84,23,,1.20267482,
2024-11-16T02:00:20.827Z,106,1.35409E+15,106,,83,23,,1.20267482,
2024-11-16T03:00:20.476Z,106,1.35409E+15,106,,83,23,,1.20267482,
2024-11-16T04:00:15.295Z,100,1.35409E+15,100,,83,17,,1.20267482,
2024-11-16T05:00:20.145Z,100,1.35409E+15,100,,83,17,,1.20267482,
2024-11-16T06:00:23.603Z,101,1.35825E+15,101,,83,18,,1.206364925,
2024-11-16T07:00:23.106Z,101,1.35825E+15,101,,83,18,,1.206364925,
2024-11-16T08:00:16.160Z,102,1.35825E+15,102,,84,18,,1.206364925,
2024-11-16T09:00:16.189Z,102,1.35825E+15,102,,84,18,,1.206364925,
2024-11-16T10:00:13.773Z,102,1.35825E+15,102,,84,18,,1.206364925,
2024-11-16T11:00:21.679Z,102,1.34216E+15,102,,84,18,,1.192075005,
2024-11-16T12:00:16.467Z,102,1.34216E+15,102,,84,18,,1.192075005,
2024-11-16T13:00:19.181Z,102,1.34216E+15,102,,84,18,,1.192075005,
2024-11-16T14:00:34.781Z,99,1.34216E+15,99,,83,16,,1.192075005,
2024-11-16T15:00:18.676Z,100,1.34216E+15,100,,83,17,,1.192075005,
2024-11-16T16:00:34.903Z,97,1343156509474816,97,,82,15,,1.192962626,
2024-11-16T17:00:32.280Z,97,1343156509474816,97,,83,14,,1.192962626,
2024-11-16T18:00:11.437Z,96,1343156509474816,96,,82,14,,1.192962626,
2024-11-16T19:00:26.605Z,97,1343156509474816,97,,82,15,,1.192962626,
2024-11-16T20:00:32.834Z,97,1343156509474816,97,,82,15,,1.192962626,
2024-11-16T21:00:14.551Z,96,1343156509474816,96,,81,15,,1.192962626,
2024-11-16T22:00:25.168Z,100,1289225609674752,100,,85,15,,1.145062365,
2024-11-16T23:00:14.206Z,100,1289225609674752,100,,85,15,,1.145062365,
2024-11-17T00:00:36.976Z,100,1289225609674752,100,,85,15,,1.145062365,
2024-11-17T01:00:20.731Z,100,1289225609674752,100,,85,15,,1.145062365,
2024-11-17T02:00:30.373Z,100,1289225609674752,100,,85,15,,1.145062365,
2024-11-17T03:00:27.272Z,101,1293825021575168,101,,85,16,,1.149147463,
2024-11-17T04:00:21.837Z,101,1293825021575168,101,,85,16,,1.149147463,
2024-11-17T05:00:15.306Z,101,1293825021575168,101,,85,16,,1.149147463,
2024-11-17T06:00:23.116Z,100,1293825021575168,100,,84,16,,1.149147463,
2024-11-17T07:00:18.156Z,102,1293825021575168,102,,86,16,,1.149147463,
2024-11-17T08:00:32.289Z,102,1307116633587712,102,,86,16,,1.160952786,
2024-11-17T09:00:27.357Z,102,1307116633587712,102,,86,16,,1.160952786,
2024-11-17T10:00:23.494Z,101,1307116633587712,101,,86,15,,1.160952786,
2024-11-17T11:00:26.890Z,103,1307116633587712,103,,87,16,,1.160952786,
2024-11-17T12:00:12.382Z,102,1307116633587712,102,,86,16,,1.160952786,
2024-11-17T13:00:16.035Z,104,1315381265301504,104,,88,16,,1.168293254,
2024-11-17T14:00:14.249Z,102,1315381265301504,102,,86,16,,1.168293254,
2024-11-17T15:00:29.809Z,101,1315381265301504,101,,85,16,,1.168293254,
2024-11-17T16:00:21.210Z,104,1315381265301504,104,,88,16,,1.168293254,
2024-11-17T17:00:28.434Z,103,1315381265301504,103,,87,16,,1.168293254,
2024-11-17T18:00:14.572Z,102,1326678211035136,102,,86,16,,1.178326957,
2024-11-17T19:00:19.254Z,102,1326678211035136,102,,86,16,,1.178326957,
2024-11-17T20:00:22.281Z,103,1326678211035136,103,,87,16,,1.178326957,
2024-11-17T21:00:22.653Z,103,1326678211035136,103,,87,16,,1.178326957,
2024-11-17T22:00:12.932Z,103,1326678211035136,103,,87,16,,1.178326957,
2024-11-17T23:00:26.711Z,103,1340979330154496,103,,87,16,,1.191028902,
2024-11-18T00:00:36.630Z,104,1340979330154496,104,,87,17,,1.191028902,
2024-11-18T01:00:12.946Z,105,1340979330154496,105,,88,17,,1.191028902,
2024-11-18T02:00:16.813Z,105,1340979330154496,105,,88,17,,1.191028902,
2024-11-18T03:00:27.577Z,104,1340979330154496,104,,86,18,,1.191028902,
2024-11-18T04:00:19.530Z,106,1337330858196992,106,,87,19,,1.187788408,
2024-11-18T05:00:17.992Z,105,1337330858196992,105,,86,19,,1.187788408,
2024-11-18T06:00:20.304Z,103,1337330858196992,103,,85,18,,1.187788408,
2024-11-18T07:00:25.699Z,103,1337330858196992,103,,85,18,,1.187788408,
2024-11-18T08:00:14.926Z,104,1337330858196992,104,,86,18,,1.187788408,
2024-11-18T09:00:32.609Z,103,1302548841496576,103,,86,17,,1.156895772,
2024-11-18T10:00:19.506Z,105,1302548841496576,105,,87,18,,1.156895772,
2024-11-18T11:00:10.112Z,105,1302548841496576,105,,87,18,,1.156895772,
2024-11-18T12:00:21.236Z,105,1302548841496576,105,,87,18,,1.156895772,
2024-11-18T13:00:21.009Z,105,1302548841496576,105,,87,18,,1.156895772,
2024-11-18T14:00:13.321Z,102,1346865343758336,102,,87,15,,1.196256733,
2024-11-18T15:00:32.276Z,104,1346865343758336,104,,87,17,,1.196256733,
2024-11-18T16:00:36.815Z,102,1346865343758336,102,,85,17,,1.196256733,
2024-11-18T17:00:26.772Z,105,1346865343758336,105,,87,18,,1.196256733,
2024-11-18T18:00:34.513Z,100,1346865343758336,101,,86,15,,1.196256733,
2024-11-18T19:00:31.473Z,103,1.3702E+15,103,,86,17,,1.216982459,
2024-11-18T20:00:31.151Z,103,1.3702E+15,103,,86,17,,1.216982459,
2024-11-18T21:00:15.892Z,104,1.3702E+15,104,,87,17,,1.216982459,
2024-11-18T22:00:31.391Z,104,1.3702E+15,104,,87,17,,1.216982459,
2024-11-18T23:00:17.909Z,105,1.3702E+15,105,,88,17,,1.216982459,
2024-11-19T00:00:31.092Z,105,1.3702E+15,105,,88,17,,1.216982459,
2024-11-19T01:00:26.102Z,103,1403738840367104,103,,87,16,,1.246770545,
2024-11-19T02:00:20.159Z,103,1403738840367104,103,,87,16,,1.246770545,
2024-11-19T03:00:26.896Z,102,1403738840367104,102,,86,16,,1.246770545,
2024-11-19T04:00:28.804Z,102,1403738840367104,102,,86,16,,1.246770545,
2024-11-19T05:00:23.999Z,102,1403738840367104,102,,86,16,,1.246770545,
2024-11-19T06:00:24.994Z,103,1407695656583168,103,,87,16,,1.250284904,
2024-11-19T07:00:15.148Z,102,1407695656583168,102,,86,16,,1.250284904,
2024-11-19T08:00:24.887Z,103,1407695656583168,103,,87,16,,1.250284904,
2024-11-19T09:00:20.140Z,102,1407695656583168,102,,88,14,,1.250284904,
2024-11-19T10:00:21.494Z,102,1407695656583168,102,,88,14,,1.250284904,
2024-11-19T11:00:18.524Z,102,1354720873545728,102,,87,15,,1.203233845,
2024-11-19T12:00:25.653Z,103,1354720873545728,103,,88,15,,1.203233845,
2024-11-19T13:00:15.803Z,104,1354720873545728,104,,89,15,,1.203233845,
2024-11-19T14:00:28.441Z,104,1354720873545728,104,,88,16,,1.203233845,
2024-11-19T15:00:11.442Z,105,1354720873545728,105,,89,16,,1.203233845,
2024-11-19T16:00:35.127Z,105,1334204827697152,105,,89,16,,1.185011935,
2024-11-19T17:00:11.482Z,102,1334204827697152,102,,86,16,,1.185011935,
2024-11-19T18:00:40.875Z,105,1334204827697152,105,,89,16,,1.185011935,
2024-11-19T19:00:13.622Z,105,1334204827697152,105,,89,16,,1.185011935,
2024-11-19T20:00:23.975Z,104,1334204827697152,104,,88,16,,1.185011935,
2024-11-19T21:00:20.702Z,105,1382908448210944,105,,89,16,,1.22826944,
2024-11-19T22:00:28.384Z,103,1382908448210944,103,,88,15,,1.22826944,
2024-11-19T23:00:15.930Z,106,1382908448210944,106,,90,16,,1.22826944,
2024-11-20T00:00:26.240Z,106,1382908448210944,106,,89,17,,1.22826944,
2024-11-20T01:00:10.459Z,106,1382908448210944,106,,88,18,,1.22826944,
2024-11-20T02:00:30.418Z,108,1447279857762304,108,,89,19,,1.285442737,
2024-11-20T03:00:32.824Z,106,1447279857762304,106,,87,19,,1.285442737,
2024-11-20T04:00:23.419Z,105,1447279857762304,105,,87,18,,1.285442737,
2024-11-20T05:00:24.104Z,106,1447279857762304,106,,87,19,,1.285442737,
2024-11-20T06:00:21.326Z,106,1447279857762304,106,,88,18,,1.285442737,
2024-11-20T07:00:18.264Z,108,1447279857762304,108,,89,19,,1.285442737,
2024-11-20T08:00:22.714Z,108,1321728740425728,108,,88,20,,1.173930944,
2024-11-20T09:00:11.607Z,108,1321728740425728,108,,88,20,,1.173930944,
2024-11-20T10:00:18.723Z,107,1321728740425728,106,,86,20,,1.173930944,
2024-11-20T11:00:13.881Z,107,1321728740425728,107,,87,20,,1.173930944,
2024-11-20T12:00:31.116Z,106,1321728740425728,106,,87,19,,1.173930944,
2024-11-20T13:00:17.767Z,107,1238775054204928,108,,87,21,,1.10025327,
2024-11-20T14:00:25.348Z,109,1238775054204928,109,,87,22,,1.10025327,
2024-11-20T15:00:34.490Z,110,1238775054204928,110,,88,22,,1.10025327,
2024-11-20T16:00:09.937Z,109,1238775054204928,109,,88,21,,1.10025327,
2024-11-20T17:00:34.455Z,110,1238775054204928,110,,89,21,,1.10025327,
2024-11-20T18:00:23.907Z,108,1273302434709504,107,,86,21,,1.130919744,
2024-11-20T19:00:15.416Z,109,1273302434709504,109,,88,21,,1.130919744,
2024-11-20T20:00:32.791Z,109,1273302434709504,110,,89,21,,1.130919744,
2024-11-20T21:00:21.406Z,109,1273302434709504,109,,88,21,,1.130919744,
2024-11-20T22:00:27.063Z,106,1273302434709504,106,,85,21,,1.130919744,
2024-11-20T23:00:18.179Z,110,1222467358031872,110,,89,21,,1.085769126,
2024-11-21T00:00:24.095Z,109,1222467358031872,108,,87,21,,1.085769126,
2024-11-21T01:00:14.379Z,107,1222467358031872,107,,88,19,,1.085769126,
2024-11-21T02:00:10.795Z,108,1222467358031872,108,,88,20,,1.085769126,
2024-11-21T03:00:23.181Z,107,1222467358031872,107,,88,19,,1.085769126,
2024-11-21T04:00:17.188Z,106,1222467358031872,106,,87,19,,1.085769126,
2024-11-21T05:00:34.016Z,106,1234613439561728,106,,87,19,,1.096557014,
2024-11-21T06:00:13.257Z,105,1234613439561728,105,,86,19,,1.096557014,
2024-11-21T07:00:13.536Z,106,1234613439561728,106,,87,19,,1.096557014,
2024-11-21T08:00:17.246Z,106,1234613439561728,106,,87,19,,1.096557014,
2024-11-21T09:00:30.667Z,106,1234613439561728,106,,87,19,,1.096557014,
2024-11-21T10:00:27.452Z,105,1217303894032384,105,,86,19,,1.081183049,
2024-11-21T11:00:32.632Z,106,1217303894032384,106,,87,19,,1.081183049,
2024-11-21T12:00:36.208Z,105,1217303894032384,105,,86,19,,1.081183049,
2024-11-21T13:00:19.140Z,106,1217303894032384,106,,87,19,,1.081183049,
2024-11-21T14:00:21.805Z,105,1217303894032384,105,,86,19,,1.081183049,
2024-11-21T15:00:15.155Z,108,1172053482799104,108,,89,19,,1.04099261,
2024-11-21T16:00:16.731Z,106,1172053482799104,106,,87,19,,1.04099261,
2024-11-21T17:00:15.326Z,106,1172053482799104,106,,87,19,,1.04099261,
2024-11-21T18:00:14.949Z,107,1172053482799104,106,,87,19,,1.04099261,
2024-11-21T19:00:09.802Z,106,1172053482799104,106,,87,19,,1.04099261,
2024-11-21T20:00:16.443Z,106,1126781030498304,106,,87,19,,1.000782595,
2024-11-21T21:00:08.845Z,106,1126781030498304,106,,87,19,,1.000782595,
2024-11-21T22:00:20.595Z,106,1126781030498304,106,,87,19,,1.000782595,
2024-11-21T23:00:10.701Z,106,1126781030498304,106,,87,19,,1.000782595,
2024-11-22T00:00:59.770Z,106,1126781030498304,106,,87,19,,1.000782595,
2024-11-22T01:00:26.894Z,106,1126781030498304,106,,87,19,,1.000782595,
2024-11-22T02:00:24.927Z,106,1118000438575104,106,,87,19,,0.9929838628,
2024-11-22T03:00:21.786Z,106,1118000438575104,106,,87,19,,0.9929838628,
2024-11-22T04:00:15.815Z,107,1118000438575104,107,,87,20,,0.9929838628,
2024-11-22T05:00:18.257Z,105,1118000438575104,105,,87,18,,0.9929838628,
2024-11-22T06:00:17.938Z,107,1118000438575104,107,,87,20,,0.9929838628,
2024-11-22T07:00:35.225Z,107,1117908019183616,107,,87,20,,0.9929017778,
2024-11-22T08:00:22.071Z,106,1117908019183616,106,,87,19,,0.9929017778,
2024-11-22T09:00:10.448Z,107,1117908019183616,107,,87,20,,0.9929017778,
2024-11-22T10:00:09.077Z,106,1117908019183616,106,,87,19,,0.9929017778,
2024-11-22T11:00:10.502Z,105,1117908019183616,105,,87,18,,0.9929017778,
2024-11-22T12:00:22.028Z,103,1136607161745408,103,,86,17,,1.009509953,
2024-11-22T13:00:34.331Z,102,1136607161745408,102,,86,16,,1.009509953,
2024-11-22T14:00:28.864Z,107,1136607161745408,107,,87,20,,1.009509953,
2024-11-22T15:00:19.824Z,100,1136607161745408,100,,84,16,,1.009509953,
2024-11-22T16:00:14.285Z,101,1136607161745408,101,,86,15,,1.009509953,
2024-11-22T17:00:33.605Z,102,1136607161745408,102,,86,16,,1.009509953,
2024-11-22T18:00:34.048Z,102,917722463469568,102,,86,16,,0.8151012873,
2024-11-22T19:00:30.038Z,102,917722463469568,102,,86,16,,0.8151012873,
2024-11-22T20:00:11.980Z,101,917722463469568,101,,87,14,,0.8151012873,
2024-11-22T21:00:11.924Z,101,917722463469568,101,,86,15,,0.8151012873,
2024-11-22T22:00:09.430Z,101,917722463469568,101,,86,15,,0.8151012873,
2024-11-22T23:00:15.575Z,101,1047835653963776,101,,86,15,,0.9306650152,
2024-11-23T00:00:16.279Z,101,1047835653963776,101,,86,15,,0.9306650152,
2024-11-23T01:00:28.571Z,100,1047835653963776,101,,86,15,,0.9306650152,
2024-11-23T02:00:10.080Z,100,1047835653963776,100,,86,14,,0.9306650152,
2024-11-23T03:00:28.945Z,98,1047835653963776,98,,84,14,,0.9306650152,
2024-11-23T04:00:23.282Z,101,1064557371981824,101,,86,15,,0.9455168843,
2024-11-23T05:00:23.835Z,98,1064557371981824,98,,85,13,,0.9455168843,
2024-11-23T06:00:08.837Z,99,1064557371981824,99,,86,13,,0.9455168843,
2024-11-23T07:00:21.579Z,99,1064557371981824,99,,85,14,,0.9455168843,
2024-11-23T08:00:33.636Z,99,1064557371981824,99,,85,14,,0.9455168843,
2024-11-23T09:00:29.666Z,102,1062887822983168,102,,85,17,,0.9440340269,
2024-11-23T10:00:09.895Z,101,1062887822983168,101,,85,16,,0.9440340269,
2024-11-23T11:00:12.569Z,101,1062887822983168,101,,85,16,,0.9440340269,
2024-11-23T12:00:26.816Z,101,1062887822983168,101,,85,16,,0.9440340269,
2024-11-23T13:00:26.848Z,102,1062887822983168,102,,85,17,,0.9440340269,
2024-11-23T14:00:09.012Z,102,1071033914228736,102,,85,17,,0.9512692094,
2024-11-23T15:00:29.655Z,101,1071033914228736,101,,85,16,,0.9512692094,
2024-11-23T16:00:14.678Z,102,1071033914228736,102,,85,17,,0.9512692094,
2024-11-23T17:00:12.244Z,101,1071033914228736,101,,84,17,,0.9512692094,
2024-11-23T18:00:24.868Z,101,1071033914228736,101,,84,17,,0.9512692094,
2024-11-23T19:00:16.219Z,101,1071033914228736,101,,84,17,,0.9512692094,
2024-11-23T20:00:28.078Z,99,994948638834688,99,,83,16,,0.8836919097,
2024-11-23T21:00:21.494Z,100,994948638834688,100,,84,16,,0.8836919097,
2024-11-23T22:00:32.551Z,100,994948638834688,100,,84,16,,0.8836919097,
2024-11-23T23:00:24.955Z,100,994948638834688,100,,84,16,,0.8836919097,
2024-11-24T00:00:11.545Z,100,994948638834688,100,,84,16,,0.8836919097,
2024-11-24T01:00:24.542Z,100,1003075406921728,100,,84,16,,0.8909099298,
2024-11-24T02:00:24.345Z,101,1003075406921728,101,,85,16,,0.8909099298,
2024-11-24T03:00:19.510Z,101,1003075406921728,101,,85,16,,0.8909099298,
2024-11-24T04:00:17.133Z,101,1003075406921728,101,,85,16,,0.8909099298,
2024-11-24T05:00:30.865Z,101,1003075406921728,101,,85,16,,0.8909099298,
2024-11-24T06:00:27.424Z,101,1004403984171008,101,,85,16,,0.8920899434,
2024-11-24T07:00:19.546Z,100,1004403984171008,100,,84,16,,0.8920899434,
2024-11-24T08:00:26.004Z,100,1004403984171008,100,,84,16,,0.8920899434,
2024-11-24T09:00:11.933Z,100,1004403984171008,100,,84,16,,0.8920899434,
2024-11-24T10:00:12.926Z,101,1004403984171008,101,,85,16,,0.8920899434,
2024-11-24T11:00:12.534Z,101,1032662183575552,101,,85,16,,0.9171882663,
2024-11-24T12:00:15.912Z,101,1032662183575552,101,,85,16,,0.9171882663,
2024-11-24T13:00:32.551Z,101,1032662183575552,101,,85,16,,0.9171882663,
2024-11-24T14:00:25.563Z,100,1032662183575552,100,,85,15,,0.9171882663,
2024-11-24T15:00:09.668Z,100,1032662183575552,100,,85,15,,0.9171882663,
2024-11-24T16:00:19.732Z,100,1.08307E+15,100,,85,15,,0.9619621327,
2024-11-24T17:00:32.759Z,100,1.08307E+15,100,,85,15,,0.9619621327,
2024-11-24T18:00:12.056Z,100,1.08307E+15,100,,85,15,,0.9619621327,
2024-11-24T19:00:33.049Z,100,1.08307E+15,100,,85,15,,0.9619621327,
2024-11-24T20:00:21.711Z,100,1.08307E+15,100,,85,15,,0.9619621327,
2024-11-24T21:00:27.831Z,100,1016515511975936,100,,85,15,,0.902847141,
2024-11-24T22:00:28.479Z,100,1016515511975936,100,,85,15,,0.902847141,
2024-11-24T23:00:16.240Z,100,1016515511975936,100,,85,15,,0.902847141,
2024-11-25T00:00:18.713Z,99,1016515511975936,99,,84,15,,0.902847141,
2024-11-25T01:00:15.540Z,100,1016515511975936,100,,85,15,,0.902847141,
2024-11-25T02:00:30.304Z,100,1045381026676736,100,,85,15,,0.9284848683,
2024-11-25T04:00:09.922Z,99,1045381026676736,99,,84,15,,0.9284848683,
2024-11-25T05:00:20.014Z,99,1045381026676736,99,,84,15,,0.9284848683,
2024-11-25T06:00:11.015Z,99,1045381026676736,99,,84,15,,0.9284848683,
2024-11-25T07:00:09.490Z,99,1.06771E+15,99,,83,16,,0.9483199334,
2024-11-25T08:00:34.028Z,99,1.06771E+15,99,,83,16,,0.9483199334,
2024-11-25T09:00:12.677Z,99,1.06771E+15,98,,82,16,,0.9483199334,
2024-11-25T10:00:09.746Z,99,1.06771E+15,99,,83,16,,0.9483199334,
2024-11-25T11:00:18.150Z,99,1.06771E+15,99,,83,16,,0.9483199334,
2024-11-25T12:00:33.693Z,100,1070900528021504,100,,84,16,,0.9511507386,
2024-11-25T13:00:25.916Z,100,1070900528021504,100,,84,16,,0.9511507386,
2024-11-25T14:00:29.715Z,100,1070900528021504,100,,84,16,,0.9511507386,
2024-11-25T15:00:22.413Z,99,1070900528021504,100,,84,16,,0.9511507386,
2024-11-25T16:00:24.710Z,98,1070900528021504,98,,82,16,,0.9511507386,
2024-11-25T17:00:10.642Z,101,1115248625975296,101,,85,16,,0.9905397622,
2024-11-25T18:00:37.740Z,100,1115248625975296,100,,84,16,,0.9905397622,
2024-11-25T19:00:15.778Z,98,1115248625975296,98,,82,16,,0.9905397622,
2024-11-25T20:00:25.957Z,100,1115248625975296,100,,85,15,,0.9905397622,
2024-11-25T21:00:23.047Z,97,1115248625975296,97,,82,15,,0.9905397622,
2024-11-25T22:00:27.965Z,100,1146625361707008,100,,84,16,,1.018407902,
2024-11-25T23:00:20.019Z,101,1146625361707008,101,,85,16,,1.018407902,
2024-11-26T00:00:52.815Z,100,1146625361707008,100,,84,16,,1.018407902,
2024-11-26T01:00:24.008Z,101,1146625361707008,101,,85,16,,1.018407902,
2024-11-26T02:00:17.032Z,103,1146625361707008,103,,87,16,,1.018407902,
2024-11-26T03:00:18.843Z,103,1244801684996096,103,,87,16,,1.105605993,
2024-11-26T04:00:13.196Z,103,1244801684996096,103,,87,16,,1.105605993,
2024-11-26T05:00:33.614Z,103,1244801684996096,103,,87,16,,1.105605993,
2024-11-26T06:00:18.839Z,102,1244801684996096,102,,86,16,,1.105605993,
2024-11-26T07:00:14.236Z,104,1244801684996096,104,,87,17,,1.105605993,
2024-11-26T08:00:24.365Z,105,1197671108837376,105,,88,17,,1.063745633,
2024-11-26T09:00:17.432Z,104,1197671108837376,104,,87,17,,1.063745633,
2024-11-26T10:00:30.559Z,103,1197671108837376,103,,86,17,,1.063745633,
2024-11-26T11:00:28.032Z,102,1197671108837376,101,,83,18,,1.063745633,
2024-11-26T12:00:32.436Z,103,1197671108837376,103,,85,18,,1.063745633,
2024-11-26T13:00:32.892Z,103,1197671108837376,103,,84,19,,1.063745633,
2024-11-26T14:00:14.981Z,104,1190290833539072,104,,85,19,,1.057190632,
2024-11-26T15:00:13.848Z,105,1190290833539072,104,,85,19,,1.057190632,
2024-11-26T16:00:40.023Z,105,1190290833539072,105,,85,20,,1.057190632,
2024-11-26T17:00:34.351Z,102,1190290833539072,102,,83,19,,1.057190632,
2024-11-26T18:00:13.373Z,103,1190290833539072,103,,84,19,,1.057190632,
2024-11-26T19:00:10.838Z,103,1.20011E+15,103,,85,18,,1.065914636,
2024-11-26T20:00:17.948Z,104,1.20011E+15,104,,86,18,,1.065914636,
2024-11-26T21:00:18.549Z,105,1.20011E+15,105,,87,18,,1.065914636,
2024-11-26T22:00:30.315Z,105,1.20011E+15,105,,87,18,,1.065914636,
2024-11-26T23:00:30.147Z,105,1.20011E+15,105,,87,18,,1.065914636,
2024-11-27T00:00:35.857Z,104,1235137338540032,104,,86,18,,1.097022329,
2024-11-27T01:00:14.898Z,105,1235137338540032,105,,87,18,,1.097022329,
2024-11-27T02:00:12.929Z,104,1235137338540032,105,,87,18,,1.097022329,
2024-11-27T03:00:21.881Z,104,1235137338540032,104,,86,18,,1.097022329,
2024-11-27T04:00:28.274Z,102,1235137338540032,101,,85,16,,1.097022329,
2024-11-27T05:00:11.811Z,101,1264298996269056,101,,84,17,,1.122923085,
2024-11-27T06:00:33.003Z,106,1264298996269056,106,,88,18,,1.122923085,
2024-11-27T07:00:28.035Z,103,1264298996269056,103,,87,16,,1.122923085,
2024-11-27T08:00:20.810Z,101,1264298996269056,100,,85,15,,1.122923085,
2024-11-27T09:00:16.019Z,104,1264298996269056,104,,88,16,,1.122923085,
2024-11-27T10:00:12.099Z,102,1273776501161984,102,,86,16,,1.1313408,
2024-11-27T11:00:10.407Z,104,1273776501161984,103,,87,16,,1.1313408,
2024-11-27T12:00:30.594Z,102,1273776501161984,102,,86,16,,1.1313408,
2024-11-27T13:00:10.983Z,103,1273776501161984,103,,85,18,,1.1313408,
2024-11-27T14:00:32.192Z,108,1273776501161984,108,,88,20,,1.1313408,
2024-11-27T15:00:14.080Z,105,1288045523369984,105,,86,19,,1.144014237,
2024-11-27T16:00:32.295Z,107,1288045523369984,107,,89,18,,1.144014237,
2024-11-27T17:00:19.839Z,108,1288045523369984,108,,90,18,,1.144014237,
2024-11-27T18:00:33.062Z,108,1288045523369984,108,,90,18,,1.144014237,
2024-11-27T19:00:15.149Z,106,1288045523369984,106,,91,15,,1.144014237,
2024-11-27T20:00:19.336Z,107,1282954435231744,107,,92,15,,1.139492443,
2024-11-27T21:00:19.843Z,105,1282954435231744,105,,90,15,,1.139492443,
2024-11-27T22:00:36.098Z,107,1282954435231744,107,,91,16,,1.139492443,
2024-11-27T23:00:21.550Z,105,1282954435231744,105,,90,15,,1.139492443,
2024-11-28T00:00:10.116Z,105,1282954435231744,105,,90,15,,1.139492443,
2024-11-28T01:00:21.145Z,106,1.28359E+15,106,,91,15,,1.140057947,
2024-11-28T02:00:30.009Z,104,1.28359E+15,104,,89,15,,1.140057947,
2024-11-28T03:00:13.307Z,106,1.28359E+15,106,,91,15,,1.140057947,
2024-11-28T04:00:29.165Z,103,1.28359E+15,103,,89,14,,1.140057947,
2024-11-28T05:00:24.997Z,106,1.28359E+15,106,,91,15,,1.140057947,
2024-11-28T06:00:25.997Z,107,1.29613E+15,107,,92,15,,1.151192999,
2024-11-28T07:00:17.345Z,107,1.29613E+15,107,,92,15,,1.151192999,
2024-11-28T08:00:30.386Z,106,1.29613E+15,106,,91,15,,1.151192999,
2024-11-28T09:00:38.585Z,105,1.29613E+15,105,,90,15,,1.151192999,
2024-11-28T10:00:28.748Z,105,1.29613E+15,105,,90,15,,1.151192999,
2024-11-28T11:00:14.103Z,104,1302805831745536,104,,89,15,,1.157124025,
2024-11-28T12:00:22.259Z,105,1302805831745536,105,,90,15,,1.157124025,
2024-11-28T13:00:16.220Z,105,1302805831745536,105,,90,15,,1.157124025,
2024-11-28T14:00:21.524Z,104,1302805831745536,104,,89,15,,1.157124025,
2024-11-28T15:00:19.813Z,104,1302805831745536,105,,90,15,,1.157124025,
2024-12-02T21:05:52.308Z,101,1464368186261504,101,,86,15,,1.300620222,
2024-12-03T15:29:26.648Z,107,1509977366724608,107,,87,20,,1.341129311,
2024-12-04T00:00:19.869Z,108,1596511275188224,108,,87,21,,1.417986861,
2024-12-05T00:01:19.836Z,105,1661665066090496,105,,86,19,,1.475855052,
2024-12-06T00:01:51.768Z,103,1645294326382592,103,,84,18,1,1.461314915,
2024-12-07T00:00:53.634Z,99,1579067939749888,99,,82,17,,1.402494067,
2024-12-08T00:00:28.250Z,94,1635983323824128,94,,82,12,,1.453045083,
2024-12-09T00:00:49.002Z,93,1.70429E+15,93,,82,11,,1.513717398,
2024-12-10T00:00:23.379Z,95,1651897591136256,95,,81,13,1,1.467179792,
2024-12-11T00:00:32.243Z,94,1693513805725696,94,,81,13,,1.504142416,
2024-12-12T00:01:04.032Z,91,1.67897E+15,91,,76,14,1,1.491227983,
2024-12-12T00:01:11.023Z,91,1.67897E+15,91,,76,14,1,1.491227983,
2024-12-13T00:00:13.240Z,91,1452036906287104,91,,77,13,1,1.289667845,
2024-12-14T00:00:55.907Z,94,1445892838129664,94,,81,12,1,1.284210816,
2024-12-15T00:00:33.472Z,96,1379933491298304,96,,79,16,1,1.225627148,
2024-12-16T00:00:50.707Z,98,1529446498566144,98,,80,17,1,1.358421374,
2024-12-17T00:00:27.638Z,95,1427477415067648,95,,79,16,,1.267854635,
2024-12-18T00:00:15.653Z,94,1.47876E+15,94,,80,14,,1.313403239,
2024-12-18T00:00:28.153Z,94,1.47876E+15,94,,80,14,,1.313403239,
2024-12-19T00:01:13.261Z,95,1457307425701888,95,,80,15,,1.294349006,
2024-12-20T00:00:31.292Z,98,1449147761688576,98,,82,16,,1.287101769,
2024-12-21T00:00:54.962Z,86,1449874463653888,86,,69,17,,1.28774721,
2024-12-22T00:00:27.086Z,92,1681926884687872,92,,76,16,,1.493851162,
2024-12-23T00:00:49.303Z,86,1575254403055616,86,,70,16,,1.399106966,
2024-12-24T00:00:19.784Z,90,1657757358882816,90,,73,16,1,1.472384311,
2024-12-25T00:00:31.759Z,87,1520083830571008,87,,70,16,1,1.350105654,
2024-12-27T00:00:19.679Z,71,1.36232E+15,71,,58,12,1,1.209979774,
2024-12-28T00:00:49.450Z,67,1376679403454464,67,,55,12,,1.222736937,
2024-12-29T00:01:10.663Z,68,1.32607E+15,68,,57,11,,1.177786719,
2024-12-30T00:00:26.122Z,61,1285417639870464,61,,51,10,,1.141680208,
2025-01-01T00:01:04.411Z,48,1426631681900544,48,,44,4,,1.267103473,
2025-01-02T00:00:39.551Z,53,1432012931989504,53,,46,7,,1.271882983,
2025-01-03T00:00:50.628Z,55,1481932950994944,55,,48,7,,1.316220867,
2025-01-04T00:00:53.787Z,68,1527723414519808,68,,56,12,,1.356890968,
2025-01-05T00:00:14.395Z,65,1150702045888512,65,,56,9,,1.022028725,
2025-01-07T00:00:59.529Z,63,1525657804734464,63,,53,10,,1.355056338,
2025-01-08T00:01:04.478Z,64,1.46362E+15,64,,52,12,,1.299952758,
2025-01-09T00:00:54.752Z,67,1533268736344064,67,,53,14,,1.361816203,
2025-01-10T00:01:07.123Z,70,1602282253713408,67,,55,12,,1.42311252,
2025-01-11T00:01:06.730Z,67,1519233868496896,67,,55,12,,1.349350736,
2025-01-12T00:01:14.522Z,69,1539201106444288,69,,57,12,,1.367085206,
2025-01-13T00:00:25.943Z,69,1.43041E+15,69,,57,12,,1.270459741,
2025-01-14T00:00:24.720Z,67,1.50928E+15,67,,55,12,,1.340510431,
2025-01-15T00:00:51.576Z,67,1314287978020864,66,,57,9,,1.167322219,
2025-01-16T00:00:15.124Z,68,1.22809E+15,68,,59,9,,1.090761712,
2025-01-17T00:01:20.976Z,68,1.25159E+15,69,,59,10,,1.111637494,
2025-01-18T00:00:17.379Z,69,1335246658207744,69,,60,9,,1.185937267,
2025-01-19T00:00:41.874Z,63,1272111298510848,63,,56,7,,1.129861803,
2025-01-20T00:01:01.468Z,63,1252880231170048,63,,57,6,,1.112781184,
2025-01-22T00:01:01.301Z,62,1317276239265792,62,,58,4,,1.169976328,
2025-01-23T00:00:45.740Z,60,1229947888730112,60,,56,4,,1.092413172,
2025-01-24T00:01:01.778Z,61,1.27006E+15,61,,56,5,,1.128038405,
2025-01-25T00:00:26.221Z,63,1.28326E+15,63,,58,5,,1.139764795,
2025-01-26T00:00:19.070Z,63,1231403917246464,63,,58,5,,1.093706385,
2025-01-27T00:00:42.018Z,63,1242323224625152,63,,57,6,,1.103404678,
2025-01-28T00:00:35.641Z,63,1186894453932032,63,,57,6,,1.05417404,
2025-01-30T00:00:20.804Z,70,1.24862E+15,70,,57,12,1,1.108993506,
2025-01-31T00:00:49.842Z,79,1264613917196288,79,,58,21,,1.123202791,
2025-02-01T00:01:24.151Z,88,1427969323040768,88,,67,21,,1.268291537,
2025-02-02T00:00:56.856Z,94,1353472036306944,94,,70,24,,1.202124654,
2025-02-03T00:00:26.865Z,92,1305639082000384,92,,76,16,,1.159640457,
2025-02-04T00:01:04.463Z,100,1488726552215552,100,,79,20,1,1.322254797,
2025-02-05T00:00:44.060Z,101,1209771969478656,101,,83,18,,1.074493356,
2025-02-06T00:00:48.267Z,111,1.40876E+15,111,,90,21,,1.251229299,
2025-02-07T00:01:20.080Z,113,1.544E+15,113,,92,21,,1.371347341,
2025-02-08T00:00:39.269Z,126,1641180779511808,126,,104,22,,1.457661351,
2025-02-09T00:00:51.222Z,132,1695288449302528,132,,109,22,1,1.505718616,
2025-02-11T00:01:01.933Z,135,1783532694274048,135,,112,22,1,1.58409525,
2025-02-12T00:01:23.099Z,177,1763777200521216,177,,156,20,1,1.566548847,
2025-02-13T00:00:35.027Z,181,2.07487E+15,181,,160,20,1,1.84285182,
2025-02-14T00:01:19.474Z,166,2076416181010432,166,,144,21,1,1.844228042,
2025-02-15T00:00:32.668Z,194,1790768130818048,194,,163,30,1,1.590521608,
2025-02-16T00:00:15.369Z,137,2207949197934592,137,,114,22,1,1.961052829,
2025-02-17T00:00:33.482Z,143,2222155047632896,143,,111,31,1,1.973670159,
2025-02-18T00:00:40.689Z,188,2330163667795968,188,,163,24,1,2.069601084,
2025-02-19T00:00:27.534Z,180,2381673472720896,180,,154,25,1,2.115350981,
2025-02-20T00:01:17.179Z,148,2456575246598144,148,,124,23,1,2.18187712,
2025-02-21T00:00:21.956Z,154,2387167043125248,155,,133,21,1,2.120230252,
2025-02-22T00:00:39.516Z,220,2272537989873664,220,,192,28,,2.018419201,
2025-02-23T00:00:43.383Z,253,2383461237129216,253,,199,54,,2.116938835,
2025-02-24T00:01:13.699Z,273,2189243209220096,272,,212,60,,1.944438574,
2025-02-25T00:00:55.341Z,291,2320374779871232,291,,222,69,,2.060906805,
2025-02-26T00:00:12.976Z,364,2.50069E+15,364,,255,109,,2.221055212,
2025-02-27T00:00:29.371Z,411,2503431931559936,411,,273,138,,2.223494217,
2025-02-28T00:00:14.496Z,428,2570062047215616,428,,289,139,,2.282673648,
2025-03-01T00:00:13.092Z,495,2758761432219648,496,,347,148,1,2.450272369,
2025-03-02T00:00:45.522Z,530,2.78907E+15,530,,373,156,1,2.477189573,
2025-03-03T00:01:07.689Z,537,2488786434916352,537,,363,173,1,2.210486403,
2025-03-04T00:00:37.245Z,157,2547356615573504,149,9,155,3,,2.262507173,
2025-03-06T00:01:08.468Z,498,2532023558209536,498,,360,135,3,2.248888683,
2025-03-07T00:01:04.466Z,501,2659639680303104,501,,354,144,3,2.362234568,
2025-03-08T00:00:15.335Z,528,2645771605245952,528,,386,139,3,2.349917243,
2025-03-09T00:00:41.491Z,510,2792983885774848,510,,377,130,3,2.480668014,
2025-03-10T00:01:15.437Z,547,2813799543341056,547,,401,144,2,2.499156032,
2025-03-11T00:01:16.849Z,564,2944456459288576,564,,419,143,2,2.615202685,
2025-03-12T00:00:15.812Z,528,2665083954003968,528,,385,141,2,2.367070055,
2025-03-13T00:00:37.492Z,536,2715848404893696,536,,396,138,2,2.412157944,
2025-03-15T00:01:18.128Z,571,2596772813733888,571,,426,143,2,2.306397574,
2025-03-16T00:00:21.968Z,482,2595800952602624,482,,354,126,2,2.305534388,
2025-03-17T00:00:34.451Z,510,2645139798360064,509,,371,136,2,2.349356086,
2025-03-18T00:01:00.859Z,554,2.48994E+15,554,,395,157,2,2.211514418,
2025-03-19T00:00:59.049Z,589,2682550696804352,588,,423,163,2,2.382583639,
2025-03-20T00:00:12.402Z,597,2418921788407808,597,,431,164,2,2.148434131,
2025-03-21T00:00:13.342Z,581,2.31588E+15,582,,416,164,2,2.056918875,
2025-03-22T00:00:19.164Z,630,2.2783E+15,630,,466,162,2,2.023535296,
2025-03-23T00:01:14.504Z,631,2313942242164736,631,,469,160,2,2.055193564,
2025-03-24T00:01:29.540Z,635,2403639066886144,635,,468,165,2,2.134860348,
2025-03-25T00:01:18.841Z,548,2.19403E+15,548,,424,122,2,1.948693176,
2025-03-26T00:01:08.532Z,463,2082444973965312,463,,341,120,2,1.849582686,
2025-03-28T00:00:51.990Z,328,2497217706328064,328,,248,79,1,2.217974876,
2025-03-29T00:00:39.710Z,310,2090965919596544,311,,240,70,1,1.857150806,
2025-03-30T00:00:46.769Z,335,1812213608218624,335,,263,71,1,1.609569019,
2025-03-31T00:00:53.567Z,375,1765330973097984,375,,301,73,1,1.567928874,
2025-04-01T00:01:08.870Z,367,1512321756168192,367,,294,72,1,1.343211547,
2025-04-02T00:01:04.148Z,366,2020248630853632,366,,291,74,1,1.794341236,
2025-04-03T00:00:29.217Z,367,1646411527487488,367,,300,66,1,1.462307189,
2025-04-04T00:01:26.259Z,358,1990881786724352,358,,293,64,1,1.768258239,
2025-04-04T00:01:38.022Z,359,1990881786724352,359,,294,64,1,1.768258239,
2025-04-05T00:01:23.210Z,347,1.9492E+15,347,,283,62,2,1.731236516,
2025-04-06T00:00:13.450Z,342,1.77764E+15,342,,278,62,2,1.57885761,
2025-04-07T00:00:36.633Z,348,2027538341691392,348,,296,50,2,1.8008158,
2025-04-08T00:01:11.586Z,330,2029157380784128,330,,267,62,1,1.802253796,
2025-04-09T00:00:52.883Z,377,2114944191430656,377,,301,75,1,1.87844779,
2025-04-10T00:00:26.637Z,312,2.24524E+15,312,,245,65,2,1.994170374,
2025-04-11T00:00:16.302Z,292,2331183540076544,294,,224,68,2,2.070506913,
2025-04-12T00:00:37.184Z,271,1594497304625152,271,,200,69,2,1.416198096,
2025-04-13T00:00:59.288Z,297,1736517031559168,297,,230,65,2,1.542336953,
2025-04-14T00:00:34.326Z,275,1275378617286656,275,,221,52,2,1.132763765,
2025-04-15T00:00:26.591Z,276,1.73375E+15,276,,210,64,2,,
2025-04-16T00:00:23.369Z,285,1.65792E+15,286,,218,66,2,,
2025-04-17T00:00:35.945Z,272,1553733932548096,272,,203,67,2,,
2025-04-19T00:00:16.706Z,258,1.46848E+15,258,,193,63,2,,
2025-04-20T00:00:20.357Z,273,1745436064874496,273,,202,70,1,,
2025-04-21T00:00:34.571Z,261,1545101244366848,261,,194,65,2,,
2025-04-22T00:01:06.145Z,256,1556014040088576,256,,196,58,2,,
2025-04-23T00:01:25.820Z,335,1669670901907456,335,,260,73,2,,
2025-04-24T00:01:31.705Z,323,1346376712585216,323,,262,59,2,,
2025-04-25T00:00:55.752Z,317,1974814639128576,317,,237,78,2,,
2025-04-26T00:00:25.855Z,250,1754440064303104,250,,169,79,2,,
2025-04-27T00:00:15.981Z,302,1945390957985792,302,,219,81,2,,
2025-04-27T00:00:29.226Z,303,1945390957985792,303,,220,81,2,,
2025-04-28T00:01:02.813Z,264,2084477665804288,264,,186,76,2,,
2025-04-29T00:00:51.602Z,293,2.21033E+15,293,,207,84,2,,
2025-04-30T00:00:59.561Z,275,2370292690190336,275,,184,89,2,,
2025-05-01T00:00:19.681Z,357,2.57495E+15,357,,262,93,2,,
2025-05-02T00:00:18.056Z,352,2458690098561024,352,,262,88,2,,
2025-05-03T00:00:22.428Z,345,2307294413979648,345,,264,79,2,,
2025-05-04T00:00:42.281Z,350,2078388895350784,350,,264,84,2,,
2025-05-05T00:00:24.947Z,350,2566048491503616,351,,259,90,2,,
2025-05-06T00:00:19.834Z,354,2353705311535104,354,,259,93,2,,
2025-05-07T00:00:59.919Z,344,2280238695317504,344,,252,90,2,,
2025-05-08T00:01:03.089Z,358,2027514587250688,358,,264,92,2,,
2025-05-09T00:01:11.012Z,344,2041230404878336,344,,253,88,3,,